x,y,yaw,curvature,speed
-0.025000,-0.076921,0.021300,-0.236691,1.000
0.074980,-0.075136,0.009713,-0.162685,1.000
0.174980,-0.074978,0.003551,0.039425,1.000
0.274978,-0.074426,0.025664,0.403057,1.000
0.374855,-0.069847,0.096386,1.014044,1.000
0.473741,-0.055209,0.166385,0.388430,1.000
0.572013,-0.036737,0.140936,-0.899073,1.000
0.671505,-0.027150,0.057957,-0.763057,1.000
0.771478,-0.025164,0.011369,-0.170002,1.000
0.871478,-0.024877,0.009961,0.141836,1.000
0.971459,-0.023172,0.053103,0.722119,1.000
1.071017,-0.014271,0.135756,0.933565,1.000
1.169346,0.003859,0.167256,-0.301634,1.000
1.268150,0.019012,0.102831,-0.989293,1.000
1.367976,0.024357,0.038423,-0.301327,1.000
1.467947,0.026693,0.054819,0.629911,1.000
1.567527,0.035307,0.132973,0.935598,1.000
1.665898,0.053171,0.167245,-0.248168,1.000
1.764661,0.068587,0.105320,-0.992833,1.000
1.864466,0.074162,0.034252,-0.431125,1.000
1.964456,0.075433,0.026558,0.276999,1.000
2.064354,0.079472,0.088017,0.954621,1.000
2.163374,0.092987,0.162877,0.544955,1.000
2.261568,0.111881,0.167709,-0.447895,1.000
2.360500,0.126360,0.151035,0.114237,1.000
2.459254,0.141967,0.172652,0.318207,1.000
2.557476,0.160710,0.152452,-0.723302,1.000
2.656739,0.172310,0.090482,-0.517261,1.000
2.756525,0.178770,0.104939,0.807760,1.000
2.855366,0.193230,0.212611,1.353075,1.000
2.951391,0.220836,0.309050,0.582723,1.000
3.045722,0.254007,0.295029,-0.863835,1.000
3.142538,0.278925,0.251875,-0.000637,1.000
3.239372,0.303841,0.239476,-0.247425,1.000
3.336784,0.326353,0.218329,-0.175597,1.000
3.434591,0.347153,0.223156,0.272135,1.000
3.531800,0.370609,0.239744,0.059691,1.000
3.628869,0.394644,0.244517,0.035760,1.000
3.725851,0.419026,0.242835,-0.069391,1.000
3.822999,0.442735,0.230113,-0.185077,1.000
3.920564,0.464640,0.204049,-0.336293,1.000
4.018815,0.483255,0.202038,0.296046,1.000
4.116465,0.504767,0.227192,0.207105,1.000
4.213656,0.528299,0.235019,-0.050520,1.000
4.310964,0.551339,0.207060,-0.509111,1.000
4.409286,0.569395,0.162025,-0.392022,1.000
4.508267,0.583590,0.179761,0.747851,1.000
4.605855,0.605116,0.255970,0.778334,1.000
4.701526,0.634167,0.305270,0.209178,1.000
4.796583,0.665218,0.305477,-0.205030,1.000
4.892241,0.694309,0.252718,-0.852251,1.000
4.989948,0.715153,0.146931,-1.269964,1.000
5.089534,0.723508,0.053900,-0.596521,1.000
5.189503,0.725919,0.046677,0.451737,1.000
5.289194,0.732834,0.141152,1.446370,1.000
5.386784,0.753952,0.269367,1.128230,1.000
5.481522,0.785932,0.299506,-0.521430,1.000
5.577740,0.812918,0.214238,-1.187930,1.000
5.676525,0.828360,0.163446,0.167843,1.000
5.775032,0.845455,0.201245,0.588606,1.000
5.872382,0.868316,0.233919,0.065413,1.000
5.969582,0.891813,0.224545,-0.252956,1.000
6.067332,0.912842,0.180692,-0.624702,1.000
6.166207,0.927733,0.173939,0.489573,1.000
6.264189,0.947432,0.218312,0.398381,1.000
6.361348,0.971025,0.220386,-0.356647,1.000
6.459302,0.991142,0.206344,0.075647,1.000
6.557100,1.012000,0.198884,-0.224857,1.000
6.655342,1.030654,0.195237,0.151894,1.000
6.753287,1.050797,0.204567,0.034726,1.000
6.851164,1.071281,0.212752,0.128997,1.000
6.948753,1.093022,0.234466,0.305394,1.000
7.045639,1.117733,0.230840,-0.377928,1.000
7.143396,1.138769,0.237659,0.514576,1.000
7.239920,1.164795,0.290138,0.535671,1.000
7.334934,1.195955,0.334339,0.348931,1.000
7.428804,1.230410,0.355176,0.067934,1.000
7.522439,1.265502,0.358798,0.004507,1.000
7.616026,1.300624,0.438375,1.599018,1.000
7.702718,1.350016,0.623402,2.133931,1.000
7.777181,1.416504,0.824662,1.934508,1.000
7.837600,1.495929,1.034066,2.304774,1.000
7.878496,1.586782,1.295333,3.018435,1.000
7.891182,1.685501,1.547237,2.104602,1.000
7.883170,1.785147,1.648299,-0.054654,1.000
7.875701,1.884855,1.642776,-0.055842,1.000
7.868789,1.984596,1.683057,0.863122,1.000
7.853323,2.083354,1.738594,0.249218,1.000
7.835399,2.181715,1.704228,-0.938571,1.000
7.826754,2.281292,1.622251,-0.703628,1.000
7.825122,2.381274,1.579748,-0.147494,1.000
7.824964,2.481274,1.575122,0.054954,1.000
7.824257,2.581270,1.600135,0.445634,1.000
7.819099,2.681105,1.672388,1.002110,1.000
7.804006,2.779919,1.738039,0.313422,1.000
7.785819,2.878238,1.707346,-0.929160,1.000
7.776817,2.977789,1.627562,-0.668934,1.000
7.774481,3.077760,1.607275,0.262374,1.000
7.769525,3.177615,1.670050,0.995600,1.000
7.754693,3.276471,1.738109,0.367974,1.000
7.736231,3.374746,1.712870,-0.874182,1.000
7.726406,3.474231,1.651854,-0.347667,1.000
7.720042,3.574024,1.676982,0.851644,1.000
7.705233,3.672882,1.746346,0.537287,1.000
7.685132,3.770840,1.764186,-0.179990,1.000
7.666797,3.869144,1.764290,0.182083,1.000
7.646676,3.967097,1.757755,-0.312902,1.000
7.629632,4.065612,1.725928,-0.323793,1.000
7.615782,4.164643,1.740270,0.611131,1.000
7.595921,4.262623,1.791102,0.406177,1.000
7.572092,4.359740,1.829549,0.363175,1.000
7.544759,4.455912,1.877450,0.595471,1.000
7.511755,4.550295,1.886474,-0.414882,1.000
7.482707,4.645907,1.823235,-0.851422,1.000
7.461866,4.743708,1.795978,0.304497,1.000
7.438061,4.840814,1.853546,0.849242,1.000
7.406155,4.935459,1.991134,1.922688,1.000
7.356957,5.022264,2.202432,2.350286,1.000
7.289084,5.095474,2.406862,1.786009,1.000
7.209452,5.155530,2.606032,2.243467,1.000
7.118695,5.196585,2.874859,3.243951,1.000
7.019753,5.207364,-3.127024,2.494294,1.000
6.920749,5.193702,-3.003905,0.010998,1.000
6.821739,5.179927,-3.050403,-0.942848,1.000
6.721854,5.175514,-3.113506,-0.321361,1.000
6.621862,5.174311,-3.102575,0.540632,1.000
6.522164,5.167719,-2.951294,2.536713,1.000
6.427804,5.136930,-2.658286,3.444879,1.000
6.348374,5.076510,-2.511095,-0.396758,1.000
6.266588,5.019262,-2.623383,-1.865060,1.000
6.175607,4.978000,-2.769912,-1.084785,1.000
6.080631,4.946776,-2.845472,-0.430311,1.000
5.984379,4.919658,-2.842081,0.498356,1.000
5.889639,4.887798,-2.770521,0.935220,1.000
5.798279,4.847247,-2.686624,0.746002,1.000
5.710186,4.800009,-2.588769,1.218100,1.000
5.628563,4.742533,-2.449017,1.590492,1.000
5.556927,4.672854,-2.370308,-0.005345,1.000
5.485226,4.603186,-2.425802,-1.108217,1.000
5.406320,4.541879,-2.555203,-1.490843,1.000
5.319222,4.492903,-2.671680,-0.847969,1.000
5.228230,4.451435,-2.715205,-0.024437,1.000
5.137136,4.410189,-2.684511,0.639145,1.000
5.048896,4.363235,-2.611333,0.826260,1.000
4.964798,4.309153,-2.542438,0.553729,1.000
4.883837,4.250517,-2.470997,0.877127,1.000
4.808304,4.185019,-2.444492,-0.345573,1.000
4.730574,4.122183,-2.488399,-0.533065,1.000
4.649572,4.063548,-2.497128,0.358017,1.000
4.570720,4.002052,-2.494125,-0.297943,1.000
4.490078,3.942936,-2.501900,0.142422,1.000
4.410292,3.882683,-2.477735,0.340979,1.000
4.332593,3.819735,-2.471214,-0.210420,1.000
4.253586,3.758435,-2.471516,0.204400,1.000
4.175859,3.695543,-2.428182,0.663024,1.000
4.102466,3.627645,-2.407614,-0.251180,1.000
4.027436,3.561648,-2.488482,-1.372124,1.000
3.944088,3.506465,-2.552953,0.076370,1.000
3.861143,3.450633,-2.529511,0.392627,1.000
3.780442,3.391582,-2.505166,0.094447,1.000
3.700301,3.331770,-2.505813,-0.107382,1.000
3.619523,3.272823,-2.509935,0.024939,1.000
3.538895,3.213676,-2.484372,0.486724,1.000
3.461260,3.150698,-2.424469,0.712541,1.000
3.388297,3.082356,-2.352980,0.719224,1.000
3.320426,3.008956,-2.283938,0.663403,1.000
3.257566,2.931223,-2.221427,0.588093,1.000
3.199364,2.849915,-2.205714,-0.273404,1.000
3.138985,2.770256,-2.304611,-1.719214,1.000
3.066105,2.702145,-2.517002,-2.584984,1.000
2.978584,2.654629,-2.777793,-2.719497,1.000
2.881499,2.631857,-2.995556,-1.697996,1.000
2.781744,2.625677,-3.098772,-0.381187,1.000
2.681774,2.623300,-3.086437,0.628363,1.000
2.582196,2.614660,-3.008383,0.935130,1.000
2.483828,2.596774,-2.974245,-0.250372,1.000
2.385065,2.581359,-3.034194,-0.950763,1.000
2.285276,2.575367,-3.087559,-0.118729,1.000
2.185403,2.570560,-3.049465,0.882522,1.000
2.086388,2.556992,-2.980585,0.496895,1.000
1.988116,2.538518,-2.994490,-0.775910,1.000
1.888766,2.527710,-3.067403,-0.684092,1.000
1.788852,2.523707,-3.080578,0.419859,1.000
1.689236,2.515521,-3.013326,0.927274,1.000
1.590784,2.498162,-2.974313,-0.144978,1.000
1.492103,2.482233,-3.031159,-0.994551,1.000
1.392340,2.476157,-3.115887,-0.703360,1.000
1.292368,2.477098,3.061676,-1.420636,1.000
1.193819,2.492056,2.774548,-4.560078,1.000
1.111501,2.546635,2.385150,-3.508327,1.000
1.051454,2.626407,2.151177,-1.302864,1.000
1.002187,2.713345,2.048890,-0.750381,1.000
0.959539,2.803785,2.001623,-0.196429,1.000
0.918675,2.895043,1.948518,-0.868038,1.000
0.885893,2.989397,1.853888,-1.028358,1.000
0.862918,3.086711,1.815486,0.256994,1.000
0.837453,3.183395,1.847034,0.374133,1.000
0.808385,3.279076,1.855063,-0.213396,1.000
0.781367,3.375352,1.840191,-0.084083,1.000
0.755159,3.471852,1.877516,0.832349,1.000
0.721054,3.565785,2.001223,1.655819,1.000
0.672105,3.652742,2.170495,1.754286,1.000
0.608824,3.729937,2.329416,1.446268,1.000
0.535058,3.797334,2.510746,2.222352,1.000
0.448753,3.846855,2.835568,4.510571,1.000
0.350074,3.855779,-3.109511,2.476896,1.000
0.251287,3.840518,-3.005495,-0.343932,1.000
0.152058,3.828662,-3.065690,-0.861705,1.000
0.052133,3.825372,-3.122974,-0.285903,1.000
-0.047866,3.824939,-3.133775,0.069774,1.000
-0.147855,3.823809,-3.102384,0.558722,1.000
-0.247576,3.817105,-3.025475,0.982212,1.000
-0.346174,3.800677,-2.967986,0.170099,1.000
-0.444506,3.782569,-2.974164,-0.293655,1.000
-0.543331,3.767355,-2.924027,1.303827,1.000
-0.639147,3.739541,-2.765150,1.893256,1.000
-0.728250,3.694257,-2.655362,0.320744,1.000
-0.815893,3.646120,-2.671006,-0.634164,1.000
-0.906379,3.603642,-2.738294,-0.713084,1.000
-0.999675,3.567703,-2.787320,-0.268513,1.000
-1.093921,3.534275,-2.778929,0.436650,1.000
-1.186571,3.496786,-2.696483,1.217293,1.000
-1.273971,3.448384,-2.562272,1.478826,1.000
-1.353359,3.387674,-2.452503,0.725491,1.000
-1.428176,3.321349,-2.404246,0.240897,1.000
-1.501386,3.253230,-2.389831,0.047467,1.000
-1.574271,3.184766,-2.369304,0.363238,1.000
-1.644614,3.113708,-2.328261,0.457935,1.000
-1.711640,3.039499,-2.297000,0.167561,1.000
-1.777414,2.964176,-2.285441,0.063618,1.000
-1.842708,2.888436,-2.299376,-0.342436,1.000
-1.910546,2.814986,-2.334492,-0.360075,1.000
-1.980994,2.744014,-2.354313,-0.036504,1.000
-2.051701,2.673299,-2.356167,-0.000562,1.000
-2.122411,2.602589,-2.356194,0.000021,1.000
-2.193122,2.531878,-2.356195,-0.000057,1.000
-2.263833,2.461167,-2.356194,0.000080,1.000
-2.334543,2.390456,-2.356185,0.000095,1.000
-2.405253,2.319745,-2.355393,0.015760,1.000
-2.475851,2.248922,-2.346992,0.152262,1.000
-2.545361,2.177034,-2.339665,-0.005707,1.000
-2.614909,2.105189,-2.363954,-0.480363,1.000
-2.687820,2.036769,-2.415096,-0.543172,1.000
-2.764333,1.972407,-2.467364,-0.502902,1.000
-2.843987,1.911966,-2.515206,-0.454576,1.000
-2.926297,1.855211,-2.561784,-0.477485,1.000
-3.011233,1.802438,-2.555755,0.598363,1.000
-3.092844,1.744699,-2.501069,0.496096,1.000
-3.171516,1.682970,-2.486168,-0.197724,1.000
-3.251384,1.622814,-2.549460,-1.071763,1.000
-3.337136,1.571566,-2.679201,-1.534931,1.000
-3.429667,1.533952,-2.803942,-0.970837,1.000
-3.525506,1.505430,-2.849458,0.057501,1.000
-3.621185,1.476355,-2.855344,-0.175258,1.000
-3.717346,1.448965,-2.914416,-1.009162,1.000
-3.815704,1.431389,-3.017084,-1.049097,1.000
-3.915420,1.424175,-3.059779,0.192008,1.000
-4.014969,1.415050,-3.006821,0.868778,1.000
-4.113364,1.397335,-2.974115,-0.213122,1.000
-4.212095,1.381723,-3.034176,-0.990608,1.000
-4.311883,1.375928,-3.108223,-0.493038,1.000
-4.411876,1.375054,-3.136956,-0.082073,1.000
-4.511876,1.375001,-3.141321,-0.005249,1.000
-4.611876,1.375000,3.141500,-0.002031,1.000
-4.711876,1.375019,3.139297,-0.042028,1.000
-4.811875,1.375459,3.120154,-0.340992,1.000
-4.911779,1.379306,3.055960,-0.945342,1.000
-5.010833,1.392538,2.980241,-0.571407,1.000
-5.109031,1.411412,2.973291,0.431878,1.000
-5.207941,1.426028,2.990473,-0.088083,1.000
-5.306714,1.441515,2.967660,-0.368314,1.000
-5.404866,1.460630,2.970782,0.430819,1.000
-5.503736,1.475500,2.988645,-0.073399,1.000
-5.602486,1.491093,2.953194,-0.636250,1.000
-5.700059,1.512931,2.912936,-0.169618,1.000
-5.797260,1.536423,2.912309,0.157061,1.000
-5.894806,1.558382,2.951711,0.631696,1.000
-5.993529,1.574145,2.988534,0.105375,1.000
-6.092422,1.588868,2.971526,-0.445711,1.000
-6.190574,1.607983,2.966905,0.353198,1.000
-6.289324,1.623618,2.990149,0.111807,1.000
-6.388247,1.638150,2.968659,-0.541934,1.000
-6.486247,1.658016,2.939428,-0.043115,1.000
-6.584164,1.678306,2.903897,-0.668725,1.000
-6.680427,1.705062,2.834647,-0.717684,1.000
-6.774606,1.738669,2.819732,0.418160,1.000
-6.870102,1.768310,2.845131,0.090008,1.000
-6.965866,1.797092,2.847740,-0.037832,1.000
-7.061520,1.826236,2.851686,0.116757,1.000
-7.157510,1.854261,2.845923,-0.232043,1.000
-7.252823,1.884506,2.828059,-0.125258,1.000
-7.347753,1.915944,2.819867,-0.038603,1.000
-7.442561,1.947747,2.811133,-0.136090,1.000
-7.536923,1.980836,2.786949,-0.347699,1.000
-7.630075,2.017183,2.756984,-0.251739,1.000
-7.722290,2.055867,2.753761,0.187275,1.000
-7.815198,2.092810,2.823094,1.205054,1.000
-7.911713,2.118324,2.936928,1.078116,1.000
-8.010566,2.133363,2.971801,-0.376403,1.000
-8.108776,2.152109,2.949051,-0.078745,1.000
-8.206848,2.171629,2.948435,0.066404,1.000
-8.305048,2.190499,2.941299,-0.209131,1.000
-8.402834,2.211418,2.934918,0.081483,1.000
-8.500787,2.231539,2.919481,-0.390397,1.000
-8.597871,2.255464,2.944253,0.888471,1.000
-8.696556,2.270681,3.061915,1.474189,1.000
-8.796468,2.271322,-3.088632,1.191840,1.000
-8.895753,2.260122,-2.992584,0.734524,1.000
-8.994028,2.241664,-2.985095,-0.584120,1.000
-9.093148,2.228975,-3.058671,-0.889464,1.000
-9.193057,2.225122,-3.106343,-0.066093,1.000
-9.292992,2.221928,-3.069556,0.803484,1.000
-9.392293,2.210744,-2.992603,0.737636,1.000
-9.490566,2.192272,-2.982873,-0.542367,1.000
-9.589636,2.179157,-3.052400,-0.849913,1.000
-9.689515,2.174480,-3.086134,0.173497,1.000
-9.789271,2.168074,-3.026268,1.026715,1.000
-9.887826,2.151508,-2.942701,0.647855,1.000
-9.985163,2.128590,-2.908110,0.044934,1.000
-10.082396,2.105235,-2.925063,-0.384259,1.000
-10.180423,2.085637,-2.994862,-1.014356,1.000
-10.279927,2.076042,-3.055129,-0.193556,1.000
-10.379597,2.068373,-2.989407,1.518247,1.000
-10.476812,2.045845,-2.858693,1.106629,1.000
-10.571150,2.012689,-2.824584,-0.419576,1.000
-10.666784,1.983520,-2.848746,-0.063845,1.000
-10.762605,1.954962,-2.802565,0.990392,1.000
-10.855068,1.917124,-2.679147,1.489421,1.000
-10.940872,1.866096,-2.487022,2.398139,1.000
-11.012190,1.796542,-2.246111,2.485979,1.000
-11.064649,1.711557,-2.059869,1.284068,1.000
-11.105879,1.620498,-1.954224,0.836186,1.000
-11.139383,1.526295,-1.881314,0.624163,1.000
-11.166952,1.430182,-1.832340,0.356034,1.000
-11.191085,1.333140,-1.796743,0.356213,1.000
-11.211745,1.235320,-1.728072,1.020229,1.000
-11.222356,1.135956,-1.635482,0.835337,1.000
-11.224656,1.035998,-1.575832,0.359581,1.000
-11.223363,0.936013,-1.522748,0.703365,1.000
-11.215059,0.836414,-1.433767,1.080148,1.000
-11.196096,0.738277,-1.357923,0.440118,1.000
-11.172826,0.641024,-1.336856,-0.018379,1.000
-11.149734,0.543728,-1.361740,-0.479703,1.000
-11.131338,0.445471,-1.409024,-0.466460,1.000
-11.117536,0.346432,-1.411830,0.410190,1.000
-11.099688,0.248055,-1.397756,-0.128612,1.000
-11.083111,0.149480,-1.451319,-0.944857,1.000
-11.075886,0.049788,-1.512768,-0.286334,1.000
-11.071516,-0.050107,-1.487010,0.803052,1.000
-11.059170,-0.149258,-1.400825,0.923616,1.000
-11.037739,-0.246913,-1.339427,0.306823,1.000
-11.013319,-0.343882,-1.307859,0.324759,1.000
-10.985765,-0.440002,-1.280939,0.213750,1.000
-10.956161,-0.535520,-1.265868,0.087729,1.000
-10.925727,-0.630754,-1.168981,1.877574,1.000
-10.878583,-0.718085,-0.868630,4.326025,1.000
-10.800240,-0.779084,-0.574610,1.750163,1.000
-10.711932,-0.825990,-0.500025,-0.235232,1.000
-10.624750,-0.874960,-0.502123,0.193296,1.000
-10.536660,-0.922226,-0.421227,1.433955,1.000
-10.442929,-0.956424,-0.250507,2.007498,1.000
-10.344274,-0.971454,-0.091682,1.193810,1.000
-10.244352,-0.974681,-0.017771,0.290420,1.000
-10.144353,-0.975007,-0.004165,-0.018172,1.000
-10.044355,-0.975514,-0.028554,-0.470101,1.000
-9.944548,-0.980714,-0.142116,-1.821036,1.000
-9.847634,-1.003661,-0.353104,-2.448053,1.000
-9.758875,-1.049143,-0.532861,-1.190076,1.000
-9.675904,-1.104942,-0.592921,-0.017778,1.000
-9.593027,-1.160891,-0.570548,0.465591,1.000
-9.507657,-1.212913,-0.513782,0.670724,1.000
-9.418989,-1.259107,-0.484575,-0.085834,1.000
-9.330762,-1.306038,-0.564327,-1.519021,1.000
-9.250682,-1.365644,-0.708651,-1.382033,1.000
-9.179454,-1.435737,-0.812440,-0.702275,1.000
-9.113268,-1.510699,-0.820317,0.544288,1.000
-9.043160,-1.581898,-0.734852,1.169693,1.000
-8.965257,-1.644455,-0.623935,1.055699,1.000
-8.881170,-1.698509,-0.507618,1.280158,1.000
-8.790987,-1.741390,-0.347001,1.957782,1.000
-8.694371,-1.766062,-0.161747,1.778750,1.000
-8.594750,-1.773411,-0.024999,0.975085,1.000
-8.494821,-1.771051,0.074137,1.013523,1.000
-8.395672,-1.758625,0.155242,0.611687,1.000
-8.297399,-1.740154,0.151732,-0.682116,1.000
-8.198164,-1.728424,0.074256,-0.869647,1.000
-8.098232,-1.725338,0.017480,-0.267933,1.000
-7.998233,-1.724929,0.008172,0.081679,1.000
-7.898245,-1.723704,0.041497,0.585575,1.000
-7.798551,-1.716638,0.119008,0.967337,1.000
-7.699985,-1.699997,0.167310,0.001115,1.000
-7.601419,-1.683345,0.120679,-0.935875,1.000
-7.501740,-1.675956,0.058543,-0.308982,1.000
-7.401842,-1.671648,0.082342,0.786414,1.000
-7.302662,-1.659527,0.167962,0.928909,1.000
-7.204970,-1.638266,0.225585,0.226003,1.000
-7.107762,-1.614799,0.229361,-0.150432,1.000
-7.010226,-1.592799,0.183458,-0.769000,1.000
-6.911329,-1.578352,0.121132,-0.478829,1.000
-6.811810,-1.568646,0.133372,0.724302,1.000
-6.713293,-1.551782,0.200455,0.618716,1.000
-6.615960,-1.528853,0.234727,0.067533,1.000
-6.518781,-1.505267,0.229929,-0.163523,1.000
-6.421235,-1.483274,0.216572,-0.103644,1.000
-6.323475,-1.462295,0.245748,0.687961,1.000
-6.227389,-1.434654,0.292901,0.255908,1.000
-6.132030,-1.404560,0.331042,0.507342,1.000
-6.038326,-1.369675,0.360355,0.079210,1.000
-5.944894,-1.334046,0.341926,-0.448056,1.000
-5.849974,-1.302640,0.293633,-0.518353,1.000
-5.753549,-1.276188,0.257621,-0.202295,1.000
-5.656596,-1.251689,0.246317,-0.023834,1.000
-5.559586,-1.227421,0.240512,-0.092273,1.000
-5.462357,-1.204050,0.213775,-0.442850,1.000
-5.364233,-1.185012,0.138896,-1.057888,1.000
-5.264652,-1.176412,0.063707,-0.449053,1.000
-5.164745,-1.172286,0.091384,1.006163,1.000
-5.065930,-1.158201,0.230103,1.783662,1.000
-4.971049,-1.126912,0.343176,0.492974,1.000
-4.877737,-1.090957,0.395993,0.564730,1.000
-4.786646,-1.049817,0.471539,0.948498,1.000
-4.699822,-1.000238,0.503036,-0.316657,1.000
-4.611535,-0.953462,0.389332,-1.976809,1.000
-4.515920,-0.924788,0.249096,-0.846636,1.000
-4.418053,-0.904245,0.197189,-0.194334,1.000
-4.319828,-0.885611,0.137898,-0.994001,1.000
-4.220265,-0.876796,0.052678,-0.713438,1.000
-4.120283,-0.875090,0.012472,-0.091784,1.000
-4.020288,-0.874302,0.029031,0.423254,1.000
-3.920442,-0.869287,0.100283,1.004432,1.000
-3.821609,-0.854310,0.167242,0.337245,1.000
-3.723308,-0.836007,0.137716,-0.929593,1.000
-3.623766,-0.826891,0.054444,-0.738485,1.000
-3.523786,-0.825133,0.009577,-0.159998,1.000
-3.423786,-0.824975,0.003700,0.042453,1.000
-3.323788,-0.824393,0.026352,0.410816,1.000
-3.223919,-0.819707,0.097297,1.010733,1.000
-3.125044,-0.804995,0.166878,0.383368,1.000
-3.026775,-0.786499,0.143023,-0.861843,1.000
-2.927309,-0.776520,0.081943,-0.361251,1.000
-2.827518,-0.770135,0.107424,0.872451,1.000
-2.728704,-0.755102,0.189178,0.765032,1.000
-2.631284,-0.732562,0.232131,0.095329,1.000
-2.534077,-0.709094,0.223099,-0.276067,1.000
-2.436279,-0.688321,0.165868,-0.870326,1.000
-2.337069,-0.676113,0.114597,-0.156662,1.000
-2.237656,-0.665459,0.149350,0.853284,1.000
-2.139534,-0.646390,0.213432,0.429979,1.000
-2.042282,-0.623115,0.235550,0.012731,1.000
-1.945059,-0.599715,0.223381,-0.256164,1.000
-1.847276,-0.578815,0.217388,0.136329,1.000
-1.749821,-0.556591,0.285781,1.237124,1.000
-1.655922,-0.522590,0.402207,1.098850,1.000
-1.566204,-0.478481,0.442294,-0.293168,1.000
-1.475281,-0.437042,0.379847,-0.957839,1.000
-1.380756,-0.404444,0.341531,0.188974,1.000
-1.286857,-0.370064,0.344025,-0.139082,1.000
-1.192496,-0.336996,0.320367,-0.334172,1.000
-1.097073,-0.307094,0.305272,0.032158,1.000
-1.001746,-0.276886,0.312823,0.118869,1.000
-0.906800,-0.245552,0.346598,0.557062,1.000
-0.813739,-0.208982,0.383162,0.174696,1.000
-0.721321,-0.170788,0.370796,-0.422342,1.000
-0.627413,-0.136543,0.291544,-1.167114,1.000
-0.530207,-0.113436,0.154542,-1.587308,1.000
-0.430642,-0.105889,0.015777,-1.201277,1.000
-0.330751,-0.110289,0.009816,1.080778,1.000
-0.231091,-0.103930,0.115264,1.033286,1.000
-0.132485,-0.087334,0.132971,-0.676439,1.000
-0.033028,-0.077437,0.096581,-0.178485,1.000
