s_m,x_m,y_m,psi_rad,kappa_radpm,vx_mps,ax_mps2
0.00000000,0.02552969,-0.11050587,0.13769149,-0.09268699,1.87040000,21.07292620
0.09511348,0.11979955,-0.09786592,0.12927107,-0.08433414,4.29380000,138.25457602
0.19036821,0.21430797,-0.08596545,0.12168412,-0.07494227,8.00000000,-65.66281817
0.28580892,0.30908371,-0.07471868,0.11500902,-0.06493126,2.72860000,-89.63339569
0.38147257,0.40414893,-0.06403525,0.10928952,-0.05465107,1.72230000,0.45399499
0.47738846,0.49951960,-0.05382277,0.10454423,-0.04431273,2.77910000,1.53634093
0.57357864,0.59520571,-0.04398828,0.10077997,-0.03397826,1.82850000,-7.54386327
0.67005827,0.69121154,-0.03443839,0.09799824,-0.02371504,1.98420000,24.36595000
0.76683617,0.78753588,-0.02507969,0.09618601,-0.01376658,4.20170000,56.68021253
0.86391544,0.88417260,-0.01582079,0.09530281,-0.00445776,4.59930000,-51.13783866
0.96129387,0.98111115,-0.00657537,0.09528238,0.00401230,2.03960000,-29.32942030
1.05896430,1.07833673,0.00273582,0.09604508,0.01158437,1.79450000,10.22095681
1.15691469,1.17583036,0.01218417,0.09751247,0.01836137,3.15380000,-0.81833740
1.25512840,1.27356886,0.02183396,0.09962089,0.02456256,1.74360000,0.01329845
1.35358417,1.37152460,0.03174416,0.10232452,0.03035196,3.15530000,7.03960562
1.45225605,1.46966520,0.04196975,0.10558606,0.03575597,2.18340000,-15.06157529
1.55111336,1.56795344,0.05256172,0.10936118,0.04062156,1.79270000,11.72532220
1.65012800,1.66635467,0.06356611,0.11359395,0.04488106,3.47760000,-0.91783072
1.74927461,1.76483708,0.07502321,0.11823123,0.04866879,1.74040000,-7.36151520
1.84853059,1.86337160,0.08696881,0.12323137,0.05209010,2.63840000,20.59823048
1.94787610,1.96193183,0.09943516,0.12855647,0.05512031,3.29090000,-14.29851512
2.04729397,2.06049405,0.11245071,0.13416000,0.05761304,1.77480000,-8.42098414
2.14676957,2.15903725,0.12603863,0.13997944,0.05939542,2.34720000,9.59891577
2.24629055,2.25754335,0.14021514,0.14594285,0.06045242,2.58860000,36.11452797
2.34584673,2.35599717,0.15498935,0.15198184,0.06087033,5.12460000,12.40623360
2.44542993,2.45438634,0.17036419,0.15803412,0.06068557,3.07070000,-47.58349005
2.54503394,2.55270133,0.18633672,0.16404179,0.05994814,2.03800000,-6.76896941
2.64465444,2.65093544,0.20289881,0.16995231,0.05871409,2.40900000,-1.32023257
2.74428883,2.74908468,0.22003762,0.17571019,0.05686692,1.92880000,-8.87155482
2.84393609,2.84714789,0.23773458,0.18124564,0.05423382,1.49240000,2.55487807
2.94359653,2.94512699,0.25596369,0.18648007,0.05081103,2.27000000,4.24652037
3.04327176,3.04302704,0.27469153,0.19134720,0.04684883,1.86530000,53.61073854
3.14296273,3.14085401,0.29387938,0.19580682,0.04262060,8.00000000,64.89537609
3.24266963,3.23861418,0.31348589,0.19983375,0.03815556,3.48280000,-67.55540411
3.34239185,3.33631406,0.33346727,0.20340297,0.03342891,4.13170000,-3.38476584
3.44212797,3.43396038,0.35377708,0.20648944,0.02846512,3.31940000,49.33571908
3.54187590,3.53156021,0.37436648,0.20907335,0.02334478,7.09660000,166.49368157
3.64163312,3.62912090,0.39518505,0.21114682,0.01822654,8.00000000,-20.76574263
3.74139682,3.72664993,0.41618234,0.21271861,0.01328449,6.57870000,-131.05569887
3.84116412,3.82415455,0.43730963,0.21381431,0.00868100,4.02510000,-72.44097409
3.94093219,3.92164159,0.45852152,0.21447532,0.00457004,2.98760000,-12.59217711
4.04069845,4.01911718,0.47977747,0.21475140,0.00096451,3.18410000,13.05056063
4.14046055,4.11658667,0.50104192,0.21468679,-0.00226001,3.80540000,86.16780778
4.24021653,4.21405496,0.52228309,0.21432122,-0.00506951,7.70190000,-53.16320219
4.33996484,4.31152648,0.54347333,0.21370512,-0.00728379,2.42830000,-60.07089141
4.43970446,4.40900489,0.56459092,0.21290232,-0.00881444,2.76700000,-5.88023563
4.53943495,4.50649290,0.58562088,0.21197499,-0.00978227,2.00440000,-8.06174122
4.63915637,4.60399251,0.60655382,0.21096935,-0.01038673,1.96480000,17.55701056
4.73886925,4.70150540,0.62738398,0.20992151,-0.01063028,3.78650000,35.32287786
4.83857461,4.79903294,0.64810921,0.20887418,-0.01037813,3.82510000,-36.61192857
4.93827382,4.89657588,0.66873225,0.20788430,-0.00947890,1.87790000,-21.52116797
5.03796849,4.99413381,0.68926216,0.20702330,-0.00779366,1.54000000,2.82455870
5.13766001,5.09170458,0.70971561,0.20637352,-0.00524201,2.24360000,11.67595787
5.23734908,5.18928362,0.73011758,0.20601973,-0.00185586,2.57760000,-10.33885657
5.33703474,5.28686311,0.75050079,0.20604263,0.00231563,1.44390000,-6.83985189
5.43671292,5.38443056,0.77090500,0.20652048,0.00727323,1.63320000,7.82517437
5.53637462,5.48196707,0.79137654,0.20754089,0.01320728,2.39900000,-0.49474752
5.63600427,5.57944519,0.81196981,0.20921831,0.02047301,1.59210000,14.63235772
5.73557811,5.67682654,0.83275015,0.21169649,0.02931744,4.22980000,14.15612122
5.83506252,5.77405944,0.85379564,0.21513673,0.03987157,2.25830000,28.91441463
5.93441250,5.87107687,0.87519744,0.21971274,0.05229443,6.77560000,40.48131321
6.03357045,5.96779460,0.89706016,0.22561753,0.06688011,3.44430000,-79.70727331
6.13246545,6.06410933,0.91950328,0.23307247,0.08400179,2.19230000,-10.75039910
6.23101288,6.15989679,0.94266265,0.24232710,0.10399239,2.47610000,6.95300950
6.32911446,6.25501019,0.96669102,0.25365195,0.12713629,2.74450000,5.95063752
6.42665862,6.34927869,0.99175719,0.26733386,0.15373620,2.90030000,52.95540860
6.52352151,6.44250640,1.01804434,0.28367387,0.18411272,6.29410000,24.55186036
6.61956906,6.53447191,1.04574771,0.30298449,0.21859917,3.65280000,-35.33947991
6.71466065,6.62492924,1.07507143,0.32558976,0.25760825,4.44490000,102.19108392
6.80865473,6.71361016,1.10622561,0.35182254,0.30149791,8.00000000,16.19221679
6.90141704,6.80022873,1.13942304,0.38201425,0.35051876,4.82290000,-127.40478103
6.99283036,6.88448734,1.17487555,0.41647772,0.40465826,3.13470000,-34.64662662
7.08280401,6.96608272,1.21278929,0.45548188,0.46352434,2.81810000,-11.35750866
7.17128301,7.04471233,1.25335921,0.49922660,0.52633453,2.41550000,-6.20626047
7.25825707,7.12008123,1.29676447,0.54781521,0.59171236,2.36730000,7.09701576
7.34376830,7.19190895,1.34316434,0.60121977,0.65756769,2.93260000,73.97233399
7.42791593,7.25993535,1.39269447,0.65924249,0.72098497,6.64680000,201.58081172
7.51085759,7.32392585,1.44546316,0.72147827,0.77831638,8.00000000,-255.81556532
7.59280660,7.38367650,1.50154792,0.78728929,0.82547004,1.37410000,-57.33042271
7.67402506,7.43901898,1.56099242,0.85580020,0.85840473,1.19230000,-0.90523024
7.75481279,7.48982589,1.62380415,0.92592552,0.87386779,1.25110000,-0.34092527
7.83549271,7.53601600,1.68995341,0.99643649,0.87013606,1.14830000,-1.72833792
7.91639378,7.57755819,1.75937408,1.06606191,0.84751006,1.00790000,0.32346700
7.99783258,7.61447305,1.83196589,1.13360299,0.80828378,1.20040000,46.94335857
8.08009576,7.64683142,1.90759767,1.19803886,0.75631549,7.40970000,274.34919936
8.16342574,7.67475001,1.98611162,1.25859485,0.69605993,7.33160000,-242.04724548
8.24801115,7.69838536,2.06732775,1.31475644,0.63166975,1.86610000,-42.24837490
8.33398280,7.71792818,2.15104874,1.36625009,0.56668315,3.47020000,-1.52694209
8.42141410,7.73359684,2.23706458,1.41301581,0.50392670,1.78980000,-14.25210901
8.51032422,7.74562928,2.32515675,1.45516941,0.44535157,2.06600000,31.36165082
8.60068418,7.75427501,2.41510214,1.49295126,0.39200803,4.51110000,131.94147078
8.69242444,7.75978832,2.50667658,1.52667973,0.34436076,7.39210000,-76.66618011
8.78544286,7.76242226,2.59965770,1.55672110,0.30252647,2.59490000,-78.45649356
8.87961221,7.76242268,2.69382705,1.58347369,0.26648927,1.73250000,4.56219513
8.97478691,7.76002213,2.78897147,1.60736474,0.23625488,3.09350000,1.07109052
9.07080958,7.75543290,2.88488442,1.62885205,0.21185989,1.79870000,-9.09571557
9.16751644,7.74883994,2.98136628,1.64842176,0.19331931,2.11890000,17.29697498
9.26474122,7.74039465,3.07822357,1.66657629,0.18050739,3.38180000,-6.61426136
9.36231760,7.73021113,3.17526710,1.68381550,0.17315688,1.73790000,-4.67707787
9.46007986,7.71836539,3.27230903,1.70062327,0.17098440,2.85610000,1.70013080
9.55786141,7.70489641,3.36915849,1.71747069,0.17390508,1.85430000,0.77621048
9.65549301,7.68980698,3.46561698,1.73483033,0.18204134,2.93790000,0.36772753
9.75280129,7.67306411,3.56147404,1.75318089,0.19552020,1.87870000,-5.55824619
9.84960774,7.65460099,3.65650352,1.77299730,0.21438066,2.36360000,27.00420527
9.94572854,7.63432138,3.75046067,1.79474460,0.23875141,4.08290000,36.18907582
10.04097529,7.61210466,3.84308011,1.81888583,0.26897284,4.05980000,-21.13822492
10.13515697,7.58781055,3.93407453,1.84588952,0.30547630,3.09660000,-16.79966211
10.22808374,7.56128434,4.02313487,1.87622908,0.34874494,3.04470000,-14.52378376
10.31957328,7.53236264,4.10993275,1.91037724,0.39923158,2.21690000,-3.99683038
10.40945903,7.50087959,4.19412459,1.94879572,0.45730591,2.71770000,10.04338197
10.49759845,7.46667395,4.27535594,1.99192611,0.52326753,2.87480000,-7.77944983
10.58388083,7.42959595,4.35326531,2.04018089,0.59723780,2.24570000,-2.43078151
10.66823526,7.38951357,4.42748844,2.09393069,0.67903993,2.69010000,-5.92034628
10.75063910,7.34631728,4.49766303,2.15348123,0.76784937,1.87870000,5.17501592
10.83112803,7.29992276,4.56343549,2.21902125,0.86151190,3.13880000,0.04732817
10.90980688,7.25027265,4.62447015,2.29053423,0.95592564,1.88110000,-22.75637521
10.98685601,7.19733991,4.68045847,2.36770506,1.04516241,1.25490000,-6.11083651
11.06253051,7.14113187,4.73112687,2.44986050,1.12213157,1.13740000,0.35038472
11.13715257,7.08169310,4.77624321,2.53596122,1.17968158,1.30120000,0.22859262
11.21109751,7.01910588,4.81562206,2.62464808,1.21184731,1.16350000,-2.58044185
11.28477454,6.95348882,4.84912886,2.71433821,1.21510836,0.97380000,-0.38620335
11.35860348,6.88499452,4.87668325,2.80337055,1.18945657,1.10500000,52.38263999
11.43299065,6.81380560,4.89826073,2.89017984,1.13850617,8.00000000,36.37598467
11.50830665,6.74012942,4.91389148,2.97344822,1.06837984,1.78570000,-58.12851910
11.58486964,6.66419180,4.92365725,3.05218422,0.98590495,3.05600000,11.28693370
11.66293515,6.58623043,4.92768813,3.12572489,0.89728885,2.35680000,-29.26929096
11.74269129,6.50648893,4.92615985,-3.08948628,0.80761758,1.09600000,-9.58201724
11.82425800,6.42521200,4.91929044,-3.02720652,0.72067239,0.94640000,9.48933309
11.90768963,6.34264129,4.90733578,-2.97054963,0.63917633,2.75040000,5.33543442
11.99298014,6.25901232,4.89058264,-2.91927461,0.56505858,1.27370000,-8.01691809
12.08007065,6.17455260,4.86933855,-2.87301555,0.49910836,1.66540000,12.94783488
12.16886036,6.08947834,4.84392234,-2.83134969,0.44110861,2.64110000,11.63479291
12.25921918,6.00399001,4.81465696,-2.79385574,0.39025247,2.45460000,-11.43211113
12.35099970,5.91826775,4.78186432,-2.76014497,0.34558327,1.79280000,-4.34261929
12.44404693,5.83246831,4.74586093,-2.72986684,0.30624948,2.00690000,-2.36489083
12.53820586,5.74672374,4.70695370,-2.70270350,0.27154048,1.57220000,-5.22625823
12.63332733,5.66114125,4.66543586,-2.67836225,0.24090246,1.37770000,46.34822311
12.72927209,5.57580460,4.62158325,-2.65656967,0.21387815,8.00000000,11.21996095
12.82591267,5.49077692,4.57565181,-2.63706553,0.19015603,1.64780000,-55.90878360
12.92313374,5.40610470,4.52787575,-2.61959350,0.16957104,1.42240000,1.71342394
13.02083205,5.32182187,4.47846559,-2.60389849,0.15194814,1.88260000,63.24845926
13.11891701,5.23795269,4.42760678,-2.58973901,0.13693508,8.00000000,11.60834526
13.21731138,5.15451286,4.37546037,-2.57690352,0.12408300,2.16770000,-67.03190428
13.31595123,5.07151015,4.32216525,-2.56521986,0.11289837,1.90710000,1.55389357
13.41478462,4.98894499,4.26784183,-2.55456634,0.10274932,2.32860000,-0.65802119
13.51376969,4.90681032,4.21259747,-2.54487203,0.09317101,1.85120000,5.78103785
13.61287229,4.82509202,4.15653104,-2.53609682,0.08395708,2.94720000,7.75540096
13.71206363,4.74377049,4.09973552,-2.52820888,0.07511483,2.37300000,-0.62181190
13.81131815,4.66282299,4.04229892,-2.52117531,0.06663426,2.89520000,11.67568677
13.91061183,4.58222543,3.98430523,-2.51496986,0.05837467,3.17370000,27.09275641
14.00992072,4.50195309,3.92583637,-2.50958233,0.05013969,4.59060000,-4.79150596
14.10921982,4.42198076,3.86697436,-2.50502744,0.04161140,2.96640000,-12.16967474
14.20848227,4.34228170,3.80780432,-2.50135622,0.03236449,3.77600000,16.46941638
14.30767893,4.26282578,3.74841801,-2.49866659,0.02186386,3.83200000,-31.84313374
14.40677838,4.18357652,3.68891796,-2.49710883,0.00956561,2.12820000,-4.02929789
14.50574693,4.10448826,3.62942156,-2.49687408,-0.00484260,3.45700000,-11.29550809
14.60454845,4.02550505,3.57006339,-2.49816353,-0.02129533,1.48200000,21.09361411
14.70314446,3.94656180,3.51099448,-2.50115823,-0.03950530,6.26660000,40.81709698
14.80149519,3.86758631,3.45237930,-2.50600859,-0.05920111,2.76480000,-8.89331895
14.89956164,3.78850063,3.39439238,-2.51283354,-0.08007899,5.63480000,72.51104297
14.99730770,3.70922260,3.33721469,-2.52172430,-0.10194068,5.28460000,64.05219624
15.09470149,3.62966755,3.28103157,-2.53275693,-0.12473303,8.00000000,-115.25872052
15.19171555,3.54974997,3.22603241,-2.54600390,-0.14848648,2.48370000,-76.28415284
15.28832707,3.46938488,3.17241115,-2.56153353,-0.17313087,2.05300000,-4.68307366
15.38451828,3.38848955,3.12036604,-2.57939904,-0.19845873,2.04390000,0.79221868
15.48027680,3.30698591,3.07009825,-2.59963122,-0.22423426,2.12740000,2.40488551
15.57559532,3.22480351,3.02181084,-2.62223295,-0.25011976,2.25990000,14.09454693
15.67047045,3.14188341,2.97570718,-2.64716790,-0.27562604,3.31360000,-16.35044002
15.76490116,3.05818277,2.93198806,-2.67434864,-0.30015074,1.32580000,-15.67463945
15.85888640,2.97368000,2.89084795,-2.70363558,-0.32317514,1.08600000,-1.54050194
15.95242186,2.88837978,2.85247149,-2.73485944,-0.34457860,1.05980000,1.40788024
16.04549633,2.80231622,2.81703252,-2.76786244,-0.36474525,1.33390000,12.54390426
16.13808888,2.71555376,2.78469591,-2.80253731,-0.38443303,2.80580000,12.94642596
16.23016677,2.62818664,2.75562148,-2.83884872,-0.40454968,2.18600000,-12.05786039
16.32168383,2.54033856,2.72996826,-2.87683820,-0.42602535,1.79310000,12.53797164
16.41258057,2.45216195,2.70789785,-2.91660629,-0.44943675,3.46150000,-0.28096631
16.50278757,2.36383570,2.68957364,-2.95827469,-0.47491461,1.77840000,15.47241124
16.59223189,2.27556100,2.67515613,-3.00195587,-0.50235583,5.02450000,1.89064554
16.68084395,2.18755650,2.66479733,-3.04774220,-0.53159554,1.84540000,-26.85854654
16.76856439,2.10005270,2.65863607,-3.09569995,-0.56230650,2.45810000,1.72553344
16.85535071,2.01328593,2.65679397,3.13733622,-0.59373284,1.96790000,-4.13485871
16.94118391,1.92749142,2.65937057,3.08505306,-0.62464317,2.09540000,8.66639238
17.02607480,1.84289524,2.66643806,3.03079533,-0.65346388,2.67400000,-4.66923206
17.11006877,1.75970601,2.67803719,2.97484328,-0.67824562,1.80050000,20.20279173
17.19324862,1.67810644,2.69417404,2.91762526,-0.69650353,4.54980000,-1.69176364
17.27573475,1.59824493,2.71481624,2.85975397,-0.70523693,1.73890000,-26.26135021
17.35768077,1.52022823,2.73988706,2.80204988,-0.70137413,2.06650000,-3.56361500
17.43926336,1.44411605,2.76925803,2.74553044,-0.68239090,1.45690000,-11.04746363
17.52066685,1.36991749,2.80274088,2.69136425,-0.64679428,0.83060000,-2.64636215
17.60206504,1.29758872,2.84008008,2.64079725,-0.59446944,0.93820000,3.97365195
17.68360306,1.22703160,2.88094744,2.59504263,-0.52717897,1.52070000,9.89419587
17.76538259,1.15809516,2.92494355,2.55515781,-0.44813942,2.00080000,29.16755284
17.84745332,1.09058062,2.97160608,2.52197806,-0.36071265,3.90930000,-3.33087562
17.92981171,1.02424775,3.02042057,2.49612453,-0.26759524,1.86070000,-24.80530920
18.01240507,0.95882217,3.07083047,2.47804612,-0.17063586,1.71030000,16.10076141
18.09513997,0.89400326,3.12224615,2.46805632,-0.07112734,3.41710000,23.15934610
18.17789417,0.82947302,3.17405451,2.46635353,0.03000068,2.83190000,5.67952183
18.26053087,0.76490625,3.22562927,2.47303879,0.13215982,3.74880000,71.38892792
18.34291422,0.69998060,3.27634096,2.48812696,0.23478235,5.97440000,-67.18523388
18.42492523,0.63438623,3.32556681,2.51153569,0.33689377,1.90010000,-53.71458000
18.50647655,0.56783576,3.37270124,2.54305339,0.43682079,1.35060000,-4.87910973
18.58752506,0.50007401,3.41716701,2.58229663,0.53202368,1.31270000,0.75867776
18.66808163,0.43088628,3.45842741,2.62866782,0.61912951,1.44400000,-1.29220588
18.74821710,0.36010426,3.49599867,2.68132435,0.69417056,1.16890000,-4.45113855
18.82806180,0.28760997,3.52946137,2.73917381,0.75318131,0.83480000,-0.31439734
18.90779695,0.21333854,3.55846911,2.80092902,0.79348238,1.10880000,14.72774860
18.98763897,0.13727857,3.58275140,2.86523210,0.81459968,2.95440000,14.00921264
19.06782013,0.05946923,3.60210922,2.93078512,0.81788563,1.86760000,3.30975989
19.14856893,-0.02000354,3.61640770,2.99643211,0.80578325,3.23960000,93.68214748
19.23009381,-0.10101195,3.62556978,3.06119577,0.78129026,6.56020000,-36.86465468
19.31257102,-0.18339200,3.62957199,3.12429438,0.74769387,2.31800000,-67.15430523
19.39613688,-0.26695021,3.62844051,-3.09803890,0.70819199,1.74980000,19.55294419
19.48088448,-0.35147118,3.62224688,-3.03982732,0.66558150,4.19880000,35.57479511
19.56686349,-0.43672500,3.61110343,-2.98448599,0.62213303,3.19630000,-49.43421487
19.65408292,-0.52247445,3.59515789,-2.93211359,0.57944372,1.52010000,-16.71949162
19.74251675,-0.60848274,3.57458809,-2.88271827,0.53844481,1.26430000,10.92733883
19.83211148,-0.69452145,3.54959698,-2.83624762,0.49972204,3.05880000,15.46897010
19.92279430,-0.78037763,3.52040639,-2.79260000,0.46370906,2.17600000,-12.00700768
20.01448072,-0.86585874,3.48724951,-2.75163514,0.43059544,2.05250000,12.99189049
20.10708166,-0.95079611,3.45036350,-2.71319543,0.40025243,3.34250000,10.22356664
20.20050997,-1.03504772,3.40998385,-2.67713506,0.37221215,2.62150000,-24.72913863
20.29468498,-1.11850005,3.36634167,-2.64335240,0.34567591,1.57280000,-9.92902633
20.38953377,-1.20106877,3.31966513,-2.61181121,0.31978574,1.42820000,3.46720409
20.48499060,-1.28269909,3.27018285,-2.58253361,0.29396136,2.03480000,22.32666318
20.58099578,-1.36336549,3.21812589,-2.55557347,0.26796193,3.52900000,108.54243396
20.67749463,-1.44307027,3.16372758,-2.53099394,0.24171283,7.95570000,-26.94663420
20.77443644,-1.52184154,3.10722270,-2.50885843,0.21518104,2.87380000,-79.80653413
20.87177353,-1.59973087,3.04884666,-2.48923009,0.18831614,2.56050000,17.81758894
20.96946028,-1.67681105,2.98883544,-2.47217085,0.16111481,4.23090000,93.15272724
21.06745204,-1.75317339,2.92742553,-2.45773296,0.13370414,6.86880000,-44.47268129
21.16570428,-1.82892435,2.86485320,-2.44594811,0.10630537,2.96030000,-59.92076247
21.26417214,-1.90418170,2.80135320,-2.43682579,0.07907569,2.88690000,73.81382711
21.36280977,-1.97907080,2.73715815,-2.43036394,0.05201759,8.00000000,207.22027481
21.46156981,-2.05372186,2.67249931,-2.42656224,0.02501691,8.00000000,0.00000000
21.56040312,-2.12826815,2.60760807,-2.42542743,-0.00203383,8.00000000,0.00000000
21.65925886,-2.20284440,2.54271708,-2.42696905,-0.02916459,8.00000000,0.00000000
21.75808529,-2.27758524,2.47806052,-2.43118821,-0.05625760,8.00000000,0.00000000
21.85683142,-2.35262322,2.41387253,-2.43806430,-0.08307263,8.00000000,0.00000000
21.95544904,-2.42808655,2.35038456,-2.44755060,-0.10939472,8.00000000,-144.56693050
22.05389447,-2.50409685,2.28782310,-2.45958215,-0.13513189,4.43890000,0.00000000
22.15212960,-2.58076766,2.22640870,-2.47408366,-0.16021147,8.00000000,-79.05888461
22.25012288,-2.65820324,2.16635527,-2.49096650,-0.18446105,2.49970000,-72.14778309
22.34785017,-2.73649710,2.10786856,-2.51011966,-0.20760112,2.35100000,-0.67937950
22.44529569,-2.81573060,2.05114397,-2.53140782,-0.22939398,2.44330000,2.74083145
22.54245258,-2.89597203,1.99636464,-2.55468111,-0.24973698,2.56930000,0.85145773
22.63932292,-2.97727650,1.94370111,-2.57978535,-0.26858169,2.50760000,-4.26693624
22.73591737,-3.05968625,1.89331144,-2.60656294,-0.28582763,2.24010000,-0.55151402
22.83225501,-3.14323122,1.84534084,-2.63484783,-0.30131200,2.46010000,21.17049038
22.92836315,-3.22792950,1.79992083,-2.66445620,-0.31473017,3.89620000,-15.92189121
23.02427668,-3.31378722,1.75716738,-2.69517698,-0.32572030,1.67540000,-21.80067611
23.12003680,-3.40079814,1.71717863,-2.72677187,-0.33398184,1.40210000,0.61896384
23.21568923,-3.48894343,1.68003301,-2.75898528,-0.33937505,1.75990000,53.52708459
23.31128223,-3.57819209,1.64578835,-2.79156012,-0.34195364,7.21880000,89.76326101
23.40686468,-3.66850230,1.61448229,-2.82424916,-0.34184105,4.13710000,-118.84281771
23.50248454,-3.75982298,1.58613282,-2.85681436,-0.33910643,1.72630000,-22.04942509
23.59818755,-3.85209529,1.56073821,-2.88902679,-0.33389725,1.69340000,19.69152174
23.69401573,-3.94525403,1.53827736,-2.92067716,-0.32652343,3.95350000,3.43166711
23.79000620,-4.03922928,1.51871150,-2.95158783,-0.31739838,1.85990000,-1.94918358
23.88619048,-4.13394832,1.50198676,-2.98161561,-0.30689826,3.75210000,-2.29114706
23.98259399,-4.22933715,1.48803647,-3.01064166,-0.29522694,1.74230000,-11.59395030
24.07923586,-4.32532146,1.47678202,-3.03855971,-0.28251153,2.46750000,54.85408443
24.17612875,-4.42182757,1.46813313,-3.06527585,-0.26894701,6.04470000,172.34475047
24.27327892,-4.51878325,1.46198890,-3.09071376,-0.25475913,8.00000000,80.39990727
24.37068619,-4.61611832,1.45823930,-3.11482117,-0.24026372,8.00000000,0.00000000
24.46834455,-4.71376559,1.45676769,-3.13757590,-0.22579501,8.00000000,-205.91434547
24.56624323,-4.81166187,1.45745384,3.12420127,-0.21161484,2.96650000,-94.07665440
24.66436818,-4.90974904,1.46017646,3.10411095,-0.19792710,1.78350000,-6.12233014
24.76270314,-5.00797451,1.46481542,3.08529302,-0.18485966,2.29210000,9.92347231
24.86123040,-5.10629122,1.47125342,3.06769025,-0.17251001,2.63580000,47.30931421
24.95993136,-5.20465728,1.47937727,3.05123263,-0.16102186,5.83210000,6.45922574
25.05878713,-5.30303575,1.48907980,3.03584048,-0.15042590,2.85460000,-46.06509335
25.15777925,-5.40139443,1.50026056,3.02143609,-0.14063080,2.63940000,47.19269731
25.25689021,-5.49970571,1.51282537,3.00794982,-0.13154496,6.39670000,-15.06572545
25.35610349,-5.59794605,1.52668579,2.99532083,-0.12306375,2.17230000,-23.96808875
25.45540369,-5.69609567,1.54175833,2.98349381,-0.11516543,4.20640000,46.51375466
25.55477677,-5.79413835,1.55796460,2.97241059,-0.10791510,4.36920000,-44.52127548
25.65421033,-5.89206110,1.57523214,2.96201001,-0.10129553,2.18060000,10.58197216
25.75369368,-5.98985386,1.59349448,2.95223632,-0.09520419,5.33450000,11.10820779
25.85321784,-6.08750928,1.61269027,2.94304913,-0.08942657,2.59500000,-31.54433771
25.95277537,-6.18502263,1.63276130,2.93443099,-0.08370902,2.91450000,37.87173090
26.05235983,-6.28239165,1.65365005,2.92638730,-0.07784169,5.18270000,-14.58617713
26.15196543,-6.37961643,1.67529763,2.91894571,-0.07158440,2.35390000,33.28688616
26.25158671,-6.47669965,1.69764145,2.91215759,-0.06469851,8.00000000,-9.42320468
26.35121824,-6.57364682,1.72061295,2.90609364,-0.05703288,2.11920000,-63.32151971
26.45085433,-6.67046631,1.74413603,2.90083797,-0.04846786,2.04590000,5.74847083
26.55048853,-6.76716925,1.76812594,2.89648166,-0.03898087,2.67910000,50.12145097
26.65011331,-6.86376915,1.79248892,2.89311267,-0.02865407,5.77370000,154.19899710
26.74971991,-6.96028152,1.81712305,2.89081354,-0.01750986,8.00000000,-28.37963759
26.84929837,-7.05672351,1.84191843,2.88966517,-0.00555215,5.06710000,-112.09489679
26.94883753,-7.15311373,1.86675731,2.88974891,0.00724067,3.59510000,-3.14303233
27.04832509,-7.24947184,1.89151388,2.89115254,0.02098647,4.89310000,108.35855624
27.14774768,-7.34581846,1.91605325,2.89396963,0.03569720,8.00000000,-7.98928823
27.24709123,-7.44217487,1.94023143,2.89828583,0.05121674,4.69460000,-119.66624889
27.34634172,-7.53856261,1.96389706,2.90416295,0.06723699,2.93780000,-18.40464869
27.44548630,-7.63500304,1.98689472,2.91162871,0.08339207,3.45170000,18.51842189
27.54451452,-7.73151679,2.00906866,2.92067642,0.09936342,4.00100000,-37.82028049
27.64341902,-7.82812308,2.03026594,2.93126731,0.11482336,1.58070000,-18.63513708
27.74219599,-7.92483885,2.05033955,2.94333046,0.12944449,1.67050000,10.51496755
27.84084525,-8.02167785,2.06915138,2.95676888,0.14301417,2.82340000,64.52992395
27.93937044,-8.11865033,2.08657405,2.97146958,0.15540206,6.17700000,122.50575916
28.03777892,-8.21576289,2.10249199,2.98731215,0.16656602,6.72910000,-81.71633584
28.13608109,-8.31301801,2.11680141,3.00418029,0.17660861,3.78820000,-12.78475631
28.23428906,-8.41041335,2.12940900,3.02196757,0.18560912,6.06590000,-31.37780689
28.33241502,-8.50794074,2.14023092,3.04057194,0.19356473,2.77260000,-59.73269005
28.43046964,-8.60558496,2.14919272,3.05989056,0.20045690,1.83940000,-12.59322286
28.52846036,-8.70332269,2.15622965,3.07981615,0.20621842,1.43040000,-1.82669679
28.62638945,-8.80112106,2.16128765,3.10024298,0.21096407,1.58920000,4.80595395
28.72425194,-8.89893648,2.16432283,3.12109031,0.21511589,2.02250000,7.01202833
28.82203351,-8.99671319,2.16529831,-3.14085828,0.21930772,2.26750000,-2.13807313
28.91970842,-9.09438168,2.16417930,-3.11920323,0.22418821,1.83820000,42.14953861
29.01723810,-9.19185717,2.16092842,-3.09704629,0.23029747,6.74350000,3.31184434
29.11457053,-9.28903823,2.15550232,-3.07425633,0.23816059,1.93390000,-47.00705843
29.21163992,-9.38580543,2.14784888,-3.05065505,0.24833555,2.01820000,4.36243710
29.30836678,-9.48201975,2.13790450,-3.02601807,0.26136180,2.35280000,-1.67849593
29.40465830,-9.57752087,2.12559226,-3.00007959,0.27774889,1.88050000,17.69039586
29.50040948,-9.67212583,2.11082098,-2.97254336,0.29786475,4.15940000,-3.68324558
29.59550590,-9.76562898,2.09348629,-2.94310222,0.32186834,1.71150000,-18.12803522
29.68982782,-9.85780345,2.07347398,-2.91145100,0.34991063,2.15310000,72.11619544
29.78325526,-9.94840350,2.05066354,-2.87728312,0.38226156,8.00000000,27.61851963
29.87567413,-10.03716760,2.02493062,-2.84028526,0.41921107,2.79470000,-95.49667827
29.96698318,-10.12382182,1.99614891,-2.80013923,0.46099077,1.72190000,10.85089831
30.05710135,-10.20808346,1.96419174,-2.75653682,0.50752084,3.93800000,-6.86871192
30.14597505,-10.28966467,1.92893495,-2.70921576,0.55811631,1.40970000,-18.28389097
30.23358475,-10.36827692,1.89026230,-2.65800329,0.61149139,1.64900000,11.99106427
30.31995042,-10.44363611,1.84807199,-2.60284516,0.66595847,2.67480000,81.10904027
30.40513542,-10.51546770,1.80228219,-2.54382185,0.71942744,6.85100000,-37.72334398
30.48924884,-10.58351198,1.75283481,-2.48117215,0.76919445,1.74260000,-56.53472552
30.57244556,-10.64752986,1.69969909,-2.41532170,0.81207957,1.42300000,-5.29266221
30.65492210,-10.70730850,1.64287573,-2.34689304,0.84487640,1.12640000,-2.16564310
30.73690833,-10.76266637,1.58240054,-2.27668440,0.86493527,1.10680000,2.73973519
30.81865545,-10.81345736,1.51834692,-2.20560943,0.87086417,1.53170000,7.39184250
30.90042162,-10.85957271,1.45082595,-2.13461046,0.86276301,1.89590000,7.65758328
30.98245745,-10.90094077,1.37998415,-2.06457743,0.84198337,2.19330000,13.42206376
31.06499187,-10.93752540,1.30600106,-1.99628352,0.81089596,2.90300000,12.42906137
31.14821889,-10.96932258,1.22908764,-1.93033661,0.77250703,2.90300000,-20.58016389
31.23228685,-10.99635639,1.14948491,-1.86715552,0.72993376,1.71700000,-10.21938531
31.31729140,-11.01867502,1.06746264,-1.80697040,0.68605751,1.89670000,13.00291112
31.40327254,-11.03634721,0.98331723,-1.74983150,0.64345482,2.88920000,2.83532275
31.49021606,-11.04945757,0.89736786,-1.69562585,0.60418438,2.06640000,-14.42576732
31.57805848,-11.05810145,0.80995176,-1.64410742,0.56970317,1.66900000,5.15517955
31.66669331,-11.06237964,0.72142024,-1.59492509,0.54108567,2.61150000,92.92635368
31.75597794,-11.06239276,0.63213561,-1.54764212,0.51911662,8.00000000,-4.92379629
31.84574215,-11.05823540,0.54246773,-1.50176348,0.50412461,2.50130000,-75.99259590
31.93579943,-11.04999222,0.45278850,-1.45676753,0.49614180,2.53680000,2.86454174
32.02595904,-11.03773511,0.36346595,-1.41213020,0.49497053,2.70480000,34.38816825
32.11603727,-11.02152150,0.27485891,-1.36734946,0.50014172,4.82830000,-24.71473989
32.20586712,-11.00139455,0.18731288,-1.32196988,0.51095393,1.78390000,-15.83792511
32.29530667,-10.97738499,0.10115620,-1.27560687,0.52640512,3.23670000,2.73081576
32.38424728,-10.94951429,0.01669522,-1.22797735,0.54505722,1.93440000,-15.62888569
32.47262074,-10.91779944,-0.06579137,-1.17893051,0.56509625,1.80410000,12.21700696
32.56040425,-10.88225841,-0.14605829,-1.12846606,0.58449278,3.12730000,22.07667723
32.64762291,-10.84291485,-0.22389902,-1.07674076,0.60108872,3.03950000,10.82858235
32.73434928,-10.79980180,-0.29915012,-1.02406942,0.61268053,3.74700000,60.80703024
32.82069828,-10.75296562,-0.37169336,-0.97091274,0.61733999,5.84820000,-84.00884647
32.90681821,-10.70246959,-0.44145576,-0.91785007,0.61358779,1.26950000,-36.84530455
32.99287957,-10.64839694,-0.50840879,-0.86554990,0.60042387,0.85090000,0.22082143
33.07906249,-10.59085446,-0.57256765,-0.81473109,0.57762013,1.31420000,20.70959327
33.16554384,-10.52997502,-0.63399010,-0.76609682,0.54609039,3.57180000,54.10541604
33.25248540,-10.46591707,-0.69277287,-0.72026796,0.50746836,3.94120000,-47.92774269
33.34002396,-10.39886283,-0.74904656,-0.67774362,0.46375695,1.45000000,-22.37621326
33.42826448,-10.32901545,-0.80296994,-0.63887783,0.41713393,1.22860000,0.95652530
33.51727677,-10.25659472,-0.85472346,-0.60386402,0.36981258,1.58800000,17.63818245
33.60709494,-10.18183169,-0.90450090,-0.57272718,0.32390234,3.21490000,114.24135114
33.69771878,-10.10496272,-0.95249925,-0.54532813,0.28123027,8.00000000,-30.25121015
33.78911741,-10.02622303,-0.99890798,-0.52138137,0.24323622,2.52660000,-92.39824403
33.88123437,-9.94584040,-1.04389871,-0.50048101,0.21096198,1.28880000,-9.83982372
33.97399280,-9.86402997,-1.08761577,-0.48213140,0.18503843,1.11510000,1.80809636
34.06730059,-9.78099021,-1.13016860,-0.46578379,0.16565385,1.59050000,58.53862278
34.16105619,-9.69689949,-1.17162777,-0.45087560,0.15259915,8.00000000,40.40163997
34.25515436,-9.61191379,-1.21202449,-0.43686042,0.14546849,2.53920000,-79.28654872
34.34949167,-9.52616504,-1.25135235,-0.42321942,0.14387637,2.11610000,37.79936535
34.44397187,-9.43975934,-1.28956966,-0.40945981,0.14751849,5.91200000,-22.10375449
34.53850980,-9.35277611,-1.32660126,-0.39511811,0.15599844,1.40940000,-33.06310033
34.63303372,-9.26526924,-1.36234084,-0.37977101,0.16882543,1.47680000,5.14832333
34.72748703,-9.17726918,-1.39665436,-0.36304934,0.18533369,2.06820000,9.55028465
34.82182984,-9.08878593,-1.42938478,-0.34465859,0.20460241,2.34860000,-5.77954834
34.91603989,-8.99981321,-1.46035876,-0.32440451,0.22540664,1.60420000,-5.62755837
35.01011294,-8.91033359,-1.48939558,-0.30221340,0.24636276,1.68810000,-0.63116489
35.10406275,-8.82032357,-1.51631701,-0.27813464,0.26615117,1.53390000,-3.62960058
35.19792015,-8.72975805,-1.54095637,-0.25233118,0.28355624,1.24370000,-1.52556330
35.29173097,-8.63861431,-1.56316649,-0.22506892,0.29746568,1.30370000,3.56022008
35.38555346,-8.54687490,-1.58282708,-0.19670004,0.30702806,1.75610000,3.92055319
35.47945486,-8.45452944,-1.59985032,-0.16763094,0.31184842,1.72280000,4.20998721
35.57350701,-8.36157583,-1.61418319,-0.13828184,0.31199393,2.21540000,4.41605533
35.66778157,-8.26802057,-1.62580677,-0.10904916,0.30793557,2.09820000,-3.95888074
35.76234540,-8.17387897,-1.63473290,-0.08027980,0.30034774,1.85910000,12.25109763
35.85725621,-8.07917529,-1.64099988,-0.05226956,0.28977619,3.34680000,73.96723697
35.95255951,-7.98394267,-1.64466984,-0.02527702,0.27662488,6.06300000,-34.35997004
36.04828675,-7.88822244,-1.64582763,0.00047011,0.26131087,2.26420000,-50.73532369
36.14445409,-7.79206319,-1.64457963,0.02478272,0.24438349,1.76310000,52.45887445
36.24106231,-7.69551944,-1.64105095,0.04752397,0.22651244,8.00000000,1.21046891
36.33809806,-7.59864949,-1.63538092,0.06862004,0.20842307,1.79240000,-45.01689519
36.43553639,-7.50151300,-1.62771728,0.08806138,0.19075810,3.11570000,2.58836027
36.53334388,-7.40416866,-1.61821026,0.10588743,0.17388275,1.95460000,-13.13438907
36.63148169,-7.30667223,-1.60700864,0.12216552,0.15797303,1.79900000,15.46448219
36.72990852,-7.20907488,-1.59425725,0.13698266,0.14320719,3.64430000,49.33178033
36.82858297,-7.11142215,-1.58009421,0.15044559,0.12975251,4.46710000,-37.71184843
36.92746525,-7.01375369,-1.56464831,0.16267313,0.11763065,1.97650000,-19.60171305
37.02651819,-6.91610340,-1.54803784,0.17378192,0.10672354,2.50410000,0.76041566
37.12570790,-6.81849972,-1.53037094,0.18387061,0.09674131,2.03670000,-3.09169790
37.22500386,-6.72096578,-1.51174787,0.19300855,0.08734661,2.20280000,51.34592692
37.32437890,-6.62351956,-1.49226373,0.20124613,0.07846654,6.66760000,69.79329255
37.42380915,-6.52617422,-1.47200889,0.20863774,0.07023140,4.28380000,-27.73444026
37.52327418,-6.42893871,-1.45106733,0.21524848,0.06270753,5.37990000,-59.33770015
37.62275711,-6.33181825,-1.42951576,0.22114106,0.05576529,2.08950000,-20.54107223
37.72224441,-6.23481458,-1.40742476,0.22636039,0.04916475,3.42390000,5.90415711
37.82172541,-6.13792627,-1.38486099,0.23092600,0.04262697,2.43260000,33.37583670
37.92119149,-6.04114902,-1.36189005,0.23482873,0.03584807,6.15350000,4.81365307
38.02063559,-5.94447565,-1.33857936,0.23803911,0.02871868,2.58820000,-48.76522995
38.12005178,-5.84789635,-1.31499934,0.24052752,0.02134065,2.40670000,15.28284621
38.21943482,-5.75139947,-1.29122243,0.24227236,0.01377106,3.85060000,108.37702297
38.31877989,-5.65497208,-1.26732264,0.24325321,0.00597257,8.00000000,74.47962035
38.41808245,-5.55860013,-1.24337590,0.24345034,-0.00200584,5.70000000,-154.91964636
38.51733843,-5.46226862,-1.21945957,0.24285397,-0.01001511,2.60340000,-52.64987557
38.61654457,-5.36596177,-1.19565096,0.24147322,-0.01782513,1.68640000,-0.15303055
38.71569882,-5.26966338,-1.17202500,0.23933813,-0.02524493,2.58540000,0.55422995
38.81480073,-5.17335704,-1.14865245,0.23648311,-0.03237628,1.72890000,-11.19778391
38.91385145,-5.07702600,-1.12560086,0.23292498,-0.03947082,1.30200000,4.85687330
39.01285358,-4.98065289,-1.10293709,0.22866549,-0.04657905,2.46770000,12.51178181
39.11181130,-4.88421960,-1.08072785,0.22371595,-0.05345422,2.30570000,-8.00738574
39.21073053,-4.78770776,-1.05903735,0.21811657,-0.05975466,1.78050000,6.96060002
39.30961905,-4.69109940,-1.03792418,0.21194229,-0.06511407,3.07900000,-8.44967629
39.40848642,-4.59437782,-1.01743781,0.20530696,-0.06910576,1.23780000,-7.47972583
39.50734334,-4.49752877,-0.99761482,0.19835869,-0.07145854,1.88420000,25.65450008
39.60620091,-4.40054145,-0.97847635,0.19125937,-0.07216030,3.92980000,-2.87987183
39.70507020,-4.30340857,-0.96002808,0.18417252,-0.07118978,1.73930000,-16.51518653
39.80396178,-4.20612630,-0.94226001,0.17726599,-0.06848272,2.05200000,41.25366110
39.90288534,-4.10869441,-0.92514574,0.17070583,-0.06414397,5.71620000,17.64652833
40.00184923,-4.01111610,-0.90864346,0.16464044,-0.05843207,2.66290000,-53.61320731
40.10085994,-3.91339777,-0.89269831,0.15919135,-0.05163953,1.73030000,2.80240866
40.19992179,-3.81554866,-0.87724513,0.15445645,-0.04395821,2.98370000,1.02680196
40.29903675,-3.71758065,-0.86221025,0.15052956,-0.03528578,1.79850000,-8.76833935
40.39820448,-3.61950848,-0.84751037,0.14752053,-0.02540564,2.01700000,25.73692336
40.49742231,-3.52135001,-0.83305037,0.14554839,-0.01435442,4.32990000,130.52034132
40.59668536,-3.42312629,-0.81872369,0.14471514,-0.00243990,8.00000000,-65.55451757
40.69598681,-3.32486110,-0.80441527,0.14508828,0.00995128,2.70280000,-85.38257879
40.79531838,-3.22658030,-0.79000537,0.14669517,0.02240089,1.72510000,0.82137633
40.89467096,-3.12831103,-0.77537371,0.14951881,0.03444064,2.79740000,2.00179168
40.99403550,-3.03008058,-0.76040405,0.15349929,0.04568031,1.86730000,0.80242060
41.09340392,-2.93191526,-0.74498807,0.15854417,0.05586171,2.88280000,-0.16246501
41.19276974,-2.83383958,-0.72902785,0.16453321,0.06468660,1.85610000,-8.41633399
41.29212841,-2.73587556,-0.71243878,0.17131874,0.07190353,1.98170000,37.46872340
41.39147539,-2.63804407,-0.69515234,0.17873498,0.07740009,5.61310000,37.16591030
41.49080599,-2.54036449,-0.67711718,0.18661262,0.08121886,3.29720000,-62.32220814
41.59011513,-2.44285464,-0.65829874,0.19478875,0.08344620,1.85850000,10.07903038
41.68939697,-2.34553082,-0.63867839,0.20310553,0.08409819,4.37420000,0.39879743
41.78864454,-2.24840771,-0.61825332,0.21139705,0.08299594,1.87660000,-16.37621110
41.88784922,-2.15149802,-0.59703829,0.21947514,0.07986798,2.64240000,81.57308051
41.98700008,-2.05481187,-0.57506821,0.22713282,0.07460433,8.00000000,31.45369101
42.08608350,-1.95835649,-0.55239922,0.23416043,0.06725416,3.42180000,-57.19104366
42.18508273,-1.86213607,-0.52910806,0.24035900,0.05797408,4.68930000,-44.11247720
42.28397764,-1.76615208,-0.50529045,0.24555067,0.04701910,1.56020000,-23.95212143
42.38274484,-1.67040363,-0.48105841,0.24958894,0.03474769,1.65480000,13.73771569
42.48135801,-1.57488803,-0.45653646,0.25236344,0.02150820,3.19880000,1.90099957
42.57978827,-1.47960166,-0.43185802,0.25379803,0.00761786,1.77190000,7.08502739
42.67800438,-1.38454107,-0.40716207,0.25385182,-0.00655561,3.98510000,58.33480558
42.77597321,-1.28970401,-0.38258928,0.25251131,-0.02085230,4.64370000,-23.44832800
42.87366761,-1.19508280,-0.35827830,0.24978669,-0.03497316,2.99710000,51.56062338
42.97106718,-1.10066502,-0.33436265,0.24571611,-0.04865980,8.00000000,83.34772526
43.06815882,-1.00643398,-0.31096825,0.24036122,-0.06169074,5.02340000,-147.13649168
43.16493735,-0.91236906,-0.28821139,0.23380477,-0.07383979,2.32150000,-10.56314335
43.26140575,-0.81844612,-0.26619700,0.22615201,-0.08484383,4.14410000,7.40025804
43.35757528,-0.72463795,-0.24501670,0.21753567,-0.09435675,2.66550000,-35.22504289
43.45346529,-0.63091491,-0.22474636,0.20812146,-0.10199056,1.60600000,-10.78674962
43.54910271,-0.53724576,-0.20544335,0.19810852,-0.10737833,1.37910000,-0.16529894
43.64452150,-0.44359811,-0.18714409,0.18772111,-0.11030330,1.58310000,2.40297349
43.73976196,-0.34993858,-0.16986291,0.17719189,-0.11075151,1.66850000,1.07903407
43.83486985,-0.25623274,-0.15359259,0.16674164,-0.10894333,1.70620000,3.93586768
43.92989522,-0.16244484,-0.13830690,0.15656566,-0.10516688,2.10710000,4.93891596
44.02489178,-0.06853738,-0.12396345,0.14683343,-0.09966725,2.15160000,-2.68013877
